<?xml version="1.0" encoding="UTF-8" ?>
<!DOCTYPE mapper
  PUBLIC "-//mybatis.org//DTD Mapper 3.0//EN"
  "http://mybatis.org/dtd/mybatis-3-mapper.dtd">
<!--namespace - 对应具体的接口的名字  -->
<mapper namespace="com.aowin.dao.BicycleOrderDetailMapper">
	<resultMap id="detailResultMap" type="BicycleOrderDetail" >
		<id property="detailId" column="DETAIL_ID"/>
		<result property="catagoryId" column="CATAGORY_ID"/>
		<result property="orderId" column="ORDER_ID"/>
		<result property="bicycleId" column="BICYCLE_ID"/>
		<result property="createDate" column="CREATE_DATE"/>
		<result property="batchNo" column="BATCH_NO"/>
		<result property="price" column="PRICE"/>
		<result property="remark" column="REMARK"/>
		<result property="bicycleCode" column="BICYCLE_CODE"/>
		<result property="catagoryName" column="CATAGORY_NAME"/>
	</resultMap>
	<insert id="insertDetail" parameterType="BicycleOrderDetail">
		insert into bicycle_order_detail(CATAGORY_ID,ORDER_ID,BICYCLE_ID,CREATE_DATE,BATCH_NO,PRICE,REMARK) 
			values(#{catagoryId},#{orderId},#{bicycleId},#{createDate},#{batchNo},#{price},#{remark})
	</insert>
	<select id="selectByOrderId" parameterType="integer" resultMap="detailResultMap">
		select bod.*,bi.BICYCLE_CODE,bc.CATAGORY_NAME
			from bicycle_order_detail bod,bicycle_info bi,bicycle_catagory bc
				where bi.BICYCLE_ID=bod.BICYCLE_ID and bod.CATAGORY_ID=bc.CATAGORY_ID and bod.ORDER_ID=#{orderId}
	</select>
</mapper>