<?xml version="1.0" encoding="UTF-8" ?>
<!DOCTYPE mapper
  PUBLIC "-//mybatis.org//DTD Mapper 3.0//EN"
  "http://mybatis.org/dtd/mybatis-3-mapper.dtd">
<!--namespace - 对应具体的接口的名字  -->
<mapper namespace="com.aowin.dao.BicycleStationMapper">
	<resultMap id="stationResultMap" type="BicycleStation" >
		<id property="stationId" column="STATION_ID"/>
		<result property="stationCode" column="STATION_CODE"/>
		<result property="stationName" column="STATION_NAME"/>
		<result property="longitude" column="LONGITUDE"/>
		<result property="latitude" column="LATITUDE"/>
		<result property="bicyclePileNum" column="BICYCLE_PILE_NUM"/>
		<result property="address" column="ADDRESS"/>
		<result property="personInCharge" column="PERSON_IN_CHARGE"/>
		<result property="buildTime" column="BUILD_TIME"/>
		<result property="runTime" column="RUN_TIME"/>
		<result property="userId" column="USER_ID"/>
		<result property="createTime" column="CREATE_TIME"/>
		<result property="remark" column="REMARK"/>
	</resultMap>
	<select id="selectBicycleStations" resultMap="stationResultMap">
		select * from bicycle_station 
	</select>
</mapper>