<?xml version="1.0" encoding="UTF-8" ?>
<!DOCTYPE mapper
  PUBLIC "-//mybatis.org//DTD Mapper 3.0//EN"
  "http://mybatis.org/dtd/mybatis-3-mapper.dtd">
<!--namespace - 对应具体的接口的名字  -->
<mapper namespace="com.aowin.dao.BicycleOrderMapper">
	<resultMap id="orderResultMap" type="BicycleOrder" >
		<id property="orderId" column="ORDER_ID"/>
		<result property="orderCode" column="ORDER_CODE"/>
		<result property="venderId" column="VENDER_ID"/>
		<result property="venderName" column="VENDER_NAME"/>
		<result property="buyDate" column="BUY_DATE"/>
		<result property="buyNum" column="BUY_NUM"/>
		<result property="buyPrice" column="BUY_PRICE"/>
		<result property="personInCharge" column="PERSON_IN_CHARGE"/>
		<result property="invoiceNo" column="INVOICE_NO"/>
		<result property="userId" column="USER_ID"/>
		<result property="userName" column="USERNAME"/>
		<result property="operatorTime" column="OPERATOR_TIME"/>
		<result property="remark" column="REMARK"/>
	</resultMap>
	<select id="selectBicycleOrder" parameterType="BicycleOrder" resultMap="orderResultMap">
		select bo.*,v.VENDER_NAME,syu.USERNAME from bicycle_order bo,vender v,syuser syu
		<where>
			bo.VENDER_ID=v.VENDER_ID and bo.USER_ID=syu.USER_ID
			<if test="orderCode !=null and orderCode !=''">
				and bo.ORDER_CODE like concat('%',#{orderCode},'%')
			</if>
			<if test="venderName !=null and venderName !=''">
				and v.VENDER_NAME like concat('%',#{venderName},'%')
			</if>
			<if test="invoiceNo !=null and invoiceNo !=''">
				and bo.INVOICE_NO like concat('%',#{invoiceNo},'%')
			</if>
			<if test="personInCharge !=null and personInCharge !=''">
				and bo.PERSON_IN_CHARGE like concat('%',#{personInCharge},'%')
			</if>
		</where>
	</select>
	<insert id="insertBicycleOrder" parameterType="BicycleOrder">
		<selectKey keyProperty="orderId" keyColumn="ORDER_ID" order="AFTER" resultType="integer">
			select last_insert_id()
		</selectKey>
		insert into bicycle_order(ORDER_CODE,VENDER_ID,BUY_DATE,BUY_NUM,BUY_PRICE,PERSON_IN_CHARGE,INVOICE_NO,USER_ID,OPERATOR_TIME,REMARK) 
				values(#{orderCode},#{venderId},#{buyDate},#{buyNum},#{buyPrice},#{personInCharge},#{invoiceNo},#{userId},#{operatorTime},#{remark})
	</insert>
</mapper>