<?xml version="1.0" encoding="UTF-8" ?>
<!DOCTYPE mapper
  PUBLIC "-//mybatis.org//DTD Mapper 3.0//EN"
  "http://mybatis.org/dtd/mybatis-3-mapper.dtd">
<!--namespace - 对应具体的接口的名字  -->
<mapper namespace="com.aowin.dao.BicycleDealMapper">
	<resultMap id="dealResultMap" type="BicycleDeal" >
		<id property="dealId" column="DEAL_ID"/>
		<result property="createTime" column="CREATE_TIME"/>
		<result property="dealName" column="DEAL_NAME"/>
		<result property="dealType" column="DEAL_TYPE"/>
		<result property="recordId" column="RECORD_ID"/>
		<result property="cardId" column="CARD_ID"/>
		<result property="isFee" column="IS_FEE"/>
		<result property="chgMoney" column="CHG_MONEY"/>
		<result property="feeType" column="FEE_TYPE"/>
		<result property="bicycleId" column="BICYCLE_ID"/>
		<result property="pileId" column="PILE_ID"/>
		<result property="userId" column="USER_ID"/>
	</resultMap>
	
	<insert id="insertBicycleDeal" parameterType="BicycleDeal">
		insert into bicycle_deal(CREATE_TIME,DEAL_NAME,DEAL_TYPE,RECORD_ID,IS_FEE,CHG_MONEY,FEE_TYPE,BICYCLE_ID,PILE_ID,USER_ID) 
			values(#{createTime},#{dealName},#{dealType},#{recordId},#{isFee},#{chgMoney},#{feeType},#{bicycleId},#{pileId},#{userId})
	</insert>
	
</mapper>