<?xml version="1.0" encoding="UTF-8" ?>
<!DOCTYPE mapper
  PUBLIC "-//mybatis.org//DTD Mapper 3.0//EN"
  "http://mybatis.org/dtd/mybatis-3-mapper.dtd">
<!--namespace - 对应具体的接口的名字  -->
<mapper namespace="com.aowin.dao.BicycleDeployMapper">
	<resultMap id="deployResultMap" type="BicycleDeploy" >
		<id property="deployId" column="DEPLOY_ID"/>
		<result property="bicycleId" column="BICYCLE_ID"/>
		<result property="fromPileId" column="FROM_PILE_ID"/>
		<result property="toPileId" column="TO_PILE_ID"/>
		<result property="fromCardId" column="FROM_CARD_ID"/>
		<result property="fromTime" column="FROM_TIME"/>
		<result property="toCardId" column="TO_CARD_ID"/>
		<result property="toTime" column="TO_TIME"/>
		<result property="toReason" column="TO_REASON"/>
		<result property="fromReason" column="FROM_REASON"/>
		<result property="remark" column="REMARK"/>
		<result property="status" column="STATUS"/>
	</resultMap>
	<insert id="insertBicycleDeploy" parameterType="BicycleDeploy">
		<selectKey keyProperty="deployId" keyColumn="DEPLOY_ID" order="AFTER" resultType="integer">
			select last_insert_id()
		</selectKey>
		insert into bicycle_deploy(BICYCLE_ID,TO_PILE_ID,TO_TIME,TO_REASON)
		values(#{bicycleId},#{toPileId},#{toTime},#{toReason})
	</insert>
</mapper>