<?xml version="1.0" encoding="UTF-8" ?>
<!DOCTYPE mapper
  PUBLIC "-//mybatis.org//DTD Mapper 3.0//EN"
  "http://mybatis.org/dtd/mybatis-3-mapper.dtd">
<!--namespace - 对应具体的接口的名字  -->
<mapper namespace="com.aowin.dao.BicyclePileMapper">
	<resultMap id="pileResultMap" type="BicyclePile" >
		<id property="pileId" column="PILE_ID"/>
		<result property="stationId" column="STATION_ID"/>
		<result property="venderId" column="VENDER_ID"/>
		<result property="pileCode" column="PILE_CODE"/>
		<result property="status" column="STATUS"/>
		<result property="installTime" column="INSTALL_TIME"/>
		<result property="disasemblyTime" column="DISASSEMBLY_TIME"/>
		<result property="userId" column="USER_ID"/>
		<result property="operatorTime" column="OPERATOR_TIME"/>
		<result property="bicycleId" column="BICYCLE_ID"/>
		<result property="remark" column="REMARK"/>
	</resultMap>
	<select id="selectPilesById" parameterType="integer" resultMap="pileResultMap">
		select bp.*
		from bicycle_pile bp
		where  bp.STATION_ID=#{stationId}
	</select>
	<update id="updateBicyclePileById" parameterType="map">
		update bicycle_pile set STATUS=1,BICYCLE_ID=#{bicycleId},OPERATOR_TIME=#{operatorTime} where PILE_ID=#{pileId}
	</update>
</mapper>