<?xml version="1.0" encoding="UTF-8" ?>
<!DOCTYPE mapper
  PUBLIC "-//mybatis.org//DTD Mapper 3.0//EN"
  "http://mybatis.org/dtd/mybatis-3-mapper.dtd">
<!--namespace - 对应具体的接口的名字  -->
<mapper namespace="com.aowin.dao.BicycleInfoMapper">
	<resultMap id="infoResultMap" type="BicycleInfo" >
		<id property="bicycleId" column="BICYCLE_ID"/>
		<result property="bicycleCode" column="BICYCLE_CODE"/>
		<result property="status" column="STATUS"/>
		<result property="pileId" column="PILE_ID"/>
		<result property="destroyDate" column="DESTORY_DATE"/>
		<result property="userId" column="USER_ID"/>
		<result property="operatorTime" column="OPERATOR_TIME"/>
		<result property="cardId" column="CARD_ID"/>
		<result property="remark" column="REMARK"/>
	</resultMap>
	
	<insert id="insertBicycleInfo" parameterType="BicycleInfo">
		<selectKey keyProperty="bicycleId" keyColumn="BICYCLE_ID" order="AFTER" resultType="integer">
			select last_insert_id()
		</selectKey>
		insert into bicycle_info(BICYCLE_CODE,STATUS,PILE_ID,DESTORY_DATE,USER_ID,OPERATOR_TIME,CARD_ID,REMARK)
			values(#{bicycleCode},#{status},#{pileId},#{destroyDate},#{userId},#{operatorTime},#{cardId},#{remark});
	</insert>
	
	<select id="selectMaxCode" resultType="integer">
		select MAX(BICYCLE_CODE) from bicycle_info
	</select>
	<select id="selectBicycleInfos" resultMap="infoResultMap">
		select BICYCLE_ID,BICYCLE_CODE, STATUS from bicycle_info where STATUS=1
	</select>
	<select id="selectById" parameterType="integer" resultType="integer">
		select BICYCLE_CODE from bicycle_info where BICYCLE_ID=#{bicycleId};
	</select>
	<update id="updateBicycleInfoById" parameterType="map">
	 	update bicycle_info set  STATUS=3,PILE_ID=#{pileId},OPERATOR_TIME=#{operatorTime} where BICYCLE_ID=#{bicycleId}
	</update>
	
</mapper>