<?xml version="1.0" encoding="UTF-8" ?>
<!DOCTYPE mapper
  PUBLIC "-//mybatis.org//DTD Mapper 3.0//EN"
  "http://mybatis.org/dtd/mybatis-3-mapper.dtd">
<!--namespace - 对应具体的接口的名字  -->
<mapper namespace="com.aowin.dao.SyRoleMapper">

	<resultMap id="syRoleResultMap" type="SyRole" >
		<id property="roleId" column="role_id"/>
		<result property="roleName" column="role_name"/>
		<result property="roleDescribe" column="role_describe"/>
		<collection property="authList" ofType="string" column="role_id" select="selectAuth" fetchType="lazy">
			<result column="description"/>
		</collection>
	</resultMap>
	<insert id="insertSyRole" parameterType="SyRole">
		<selectKey keyProperty="roleId" keyColumn="role_id" order="AFTER" resultType="integer">
			select last_insert_id()
		</selectKey>
		insert into syrole (role_name,role_describe) values (#{roleName},#{roleDescribe})
	</insert>
	
	<update id="updateSyRole" parameterType="SyRole">
		update syrole set role_name = #{roleName},role_describe=#{roleDescribe} where role_id=#{roleId}
	</update>
	
	<select id="selectSyRoles" parameterType="SyRole" resultMap="syRoleResultMap" >
		select
			distinct syr.role_id,syr.role_name,syr.role_describe
		from 
			syrole syr left join sypermission syp on syr.ROLE_ID=syp.ROLEID
		<where>
			<if test="roleName != null and roleName != ''">
				and role_name like concat('%',#{roleName},'%')
			</if>
			<if test="roleDescribe != null and roleDescribe != ''">
				and role_describe like concat('%',#{roleDescribe},'%')
			</if>
		</where>
	</select>
	<select id="selectAuth" parameterType="integer" resultType="string">
		select ms.description from msphase ms,sypermission syp where syp.PHASEID=ms.PHASEID
			and syp.ROLEID=#{id}
	</select>
	
	<delete id="deleteById" parameterType="integer">
		delete from syrole where role_id = #{roleId}
	</delete>
	
	<select id="selectById" parameterType="integer" resultMap="syRoleResultMap">
		select * from syrole where role_id=#{roleId}
	</select>
	<select id="selectByRoleName" parameterType="string" resultType="integer">
		select role_id from syrole where role_name=#{roleName};
	</select>
</mapper>