<?xml version="1.0" encoding="UTF-8" ?>
<!DOCTYPE mapper
  PUBLIC "-//mybatis.org//DTD Mapper 3.0//EN"
  "http://mybatis.org/dtd/mybatis-3-mapper.dtd">
<!--namespace - 对应具体的接口的名字  -->
<mapper namespace="com.aowin.dao.SyuserMapper">
	<select id="login" parameterType="Syuser" resultType="Syuser">
		select
			<include refid="syuserResult"></include>
		from
			syuser
		where
			login_name = #{loginName}
		and
			password = md5(#{password})
	</select>
	
	<sql id="syuserResult">
		USER_ID userId,
		ROLE_ID roleId,
		LOGIN_NAME loginName,
		USERNAME ,
		PASSWORD,
		ACTIVE_FLAG activeFlag,
		ZXBJ,
		OFFICE_PHONE officePhone,
		MOBILE_PHONE mobilePhone,
		EMAIL
	</sql>
	
	<resultMap id="syuserResultMap" type="Syuser" >
		<id property="userId" column="USER_ID"/>
		<result property="roleId" column="ROLE_ID"/>
		<result property="roleName" column="ROLE_NAME"/>
		<result property="loginName" column="LOGIN_NAME"/>
		<result property="username" column="USERNAME"/>
		<result property="password" column="PASSWORD"/>
		<result property="activeFlag" column="ACTIVE_FLAG"/>
		<result property="zxbj" column="ZXBJ"/>
		<result property="officePhone" column="OFFICE_PHONE"/>
		<result property="mobilePhone" column="MOBILE_PHONE"/>
		<result property="email" column="EMAIL"/>
	</resultMap>
	<select id="select" parameterType="Syuser" resultMap="syuserResultMap">
		select
			syu.*,syr.ROLE_NAME
		from
			syuser syu,syrole syr
		<where>
			syu.ROLE_ID=syr.ROLE_ID
			<if test="loginName != null and loginName != ''">
				and syu.LOGIN_NAME like concat('%',#{loginName},'%')
			</if>
			<if test="username != null and username != ''">
				and syu.USERNAME like concat('%',#{username},'%')
			</if>
			<if test="activeFlag != null and activeFlag !=0">
				and syu.ACTIVE_FLAG = #{activeFlag}
			</if>
			<if test="zxbj != null and zxbj != '' and zxbj !='0'.toString()">
				and syu.ZXBJ = #{zxbj}
			</if>
		</where>
	</select>
	<insert id="insert" parameterType="Syuser">
		insert into syuser(ROLE_ID,LOGIN_NAME,USERNAME,PASSWORD,ACTIVE_FLAG,ZXBJ,OFFICE_PHONE,MOBILE_PHONE,EMAIL)
		values(#{roleId},#{loginName},#{username},#{password},#{activeFlag},#{zxbj},#{officePhone},#{mobilePhone},#{email})
	</insert>
	<select id="selectByLoginName" parameterType="string" resultType="Syuser">
		select
			<include refid="syuserResult"></include>
		from
			syuser
		where
			login_name = #{loginName}
	</select>
	<update id="update" parameterType="Syuser">
		update syuser set ROLE_ID=#{roleId},LOGIN_NAME=#{loginName},USERNAME=#{username},PASSWORD=#{password},ACTIVE_FLAG=#{activeFlag},
		ZXBJ=#{zxbj},OFFICE_PHONE=#{officePhone},MOBILE_PHONE=#{mobilePhone},EMAIL=#{email} where USER_ID=#{userId}
	</update>
	<delete id="deleteById" parameterType="integer">
		delete from syuser where USER_ID=#{userId}
	</delete>
	<select id="selectByUserId" parameterType="integer" resultType="Syuser">
		select
			<include refid="syuserResult"></include>
		from syuser where USER_ID=#{userId}
	</select>
	<select id="selectByroleId" parameterType="integer" resultType="Syuser">
		select
			<include refid="syuserResult"></include>
		from syuser where ROLE_ID=#{roleId}
	</select>
	<update id="updateZxbj" parameterType="Syuser">
		update syuser set ZXBJ=#{zxbj} where USER_ID=#{userId}
	</update>
</mapper>