<?xml version="1.0" encoding="UTF-8" ?>
<!DOCTYPE mapper
  PUBLIC "-//mybatis.org//DTD Mapper 3.0//EN"
  "http://mybatis.org/dtd/mybatis-3-mapper.dtd">
<!--namespace - 对应具体的接口的名字  -->
<mapper namespace="com.aowin.dao.VenderMapper">
	<resultMap id="venderResultMap" type="Vender" >
		<id property="venderId" column="VENDER_ID"/>
		<result property="venderCode" column="VENDER_CODE"/>
		<result property="venderType" column="VENDER_TYPE"/>
		<result property="venderName" column="VENDER_NAME"/>
	</resultMap>
	<select id="selectVenders" resultMap="venderResultMap">
		select VENDER_ID,VENDER_CODE,VENDER_TYPE,VENDER_NAME from vender
	</select>
</mapper>