<?xml version="1.0" encoding="UTF-8"?>
<beans xmlns="http://www.springframework.org/schema/beans"
	xmlns:xsi="http://www.w3.org/2001/XMLSchema-instance"
	xmlns:context="http://www.springframework.org/schema/context"
	xmlns:tx="http://www.springframework.org/schema/tx"
	xsi:schemaLocation="http://www.springframework.org/schema/beans 
		http://www.springframework.org/schema/beans/spring-beans.xsd
		http://www.springframework.org/schema/context 
		http://www.springframework.org/schema/context/spring-context-4.3.xsd
		http://www.springframework.org/schema/tx 
		http://www.springframework.org/schema/tx/spring-tx-4.3.xsd">


	
	<context:property-placeholder location="classpath:jdbc.properties"/>
	
	<bean id="dataSource" class="org.apache.commons.dbcp2.BasicDataSource">
		<property name="driverClassName" value="${driver}"></property>
		<property name="url" value="${url}"></property>
		<property name="username" value="${username_}"></property>
		<property name="password" value="${password}"></property>
	</bean>
	
	<!-- 二. 创建SqlSessionFactory对象 -->
	<bean id="sqlsessionFactory" class="org.mybatis.spring.SqlSessionFactoryBean">
		<property name="dataSource" ref="dataSource"></property>
		<property name="configLocation" value="classpath:mybatis_config.xml"></property>
	</bean>
	
	<bean class="org.mybatis.spring.mapper.MapperScannerConfigurer">
		<property name="basePackage" value="com.aowin.dao"></property>
		<property name="sqlSessionFactoryBeanName" value="sqlsessionFactory"></property>
	</bean>
	
	<!-- 四.创建service层对象 -->
	<context:component-scan base-package="com.aowin.service.impl"></context:component-scan>
	<!-- 配置事务管理器 -->
	<bean id="transactionManager" class="org.springframework.jdbc.datasource.DataSourceTransactionManager" >
		<property name="dataSource" ref="dataSource"></property>
	</bean>
	
	<tx:annotation-driven transaction-manager="transactionManager"/>


</beans>
