<?xml version="1.0" encoding="UTF-8"?>
<beans xmlns="http://www.springframework.org/schema/beans"
	xmlns:xsi="http://www.w3.org/2001/XMLSchema-instance"
	xmlns:mvc="http://www.springframework.org/schema/mvc"
	xmlns:context="http://www.springframework.org/schema/context"
	xsi:schemaLocation="http://www.springframework.org/schema/mvc http://www.springframework.org/schema/mvc/spring-mvc-4.3.xsd
		http://www.springframework.org/schema/beans http://www.springframework.org/schema/beans/spring-beans.xsd
		http://www.springframework.org/schema/context http://www.springframework.org/schema/context/spring-context-4.3.xsd">

	<mvc:default-servlet-handler/>
	<mvc:annotation-driven>
		<mvc:message-converters register-defaults="true">
	       <bean class="org.springframework.http.converter.StringHttpMessageConverter">
	           <constructor-arg value="UTF-8"/>
	       </bean>
	       <bean class="org.springframework.http.converter.json.MappingJackson2HttpMessageConverter">
	           <property name="objectMapper">
	               <bean class="org.springframework.http.converter.json.Jackson2ObjectMapperFactoryBean">
	                   <property name="failOnEmptyBeans" value="false"/>
	               </bean>
	           </property>
	       </bean>
	   </mvc:message-converters>
	</mvc:annotation-driven>
	<context:component-scan base-package="com.aowin.controller"></context:component-scan>

</beans>
